collection_id,sequence_id,resource_id,title,description,is_deleted
0008d66a-753f-4639-8634-81bb3abb3269,3,2ee6f80f-0851-4cfa-b4bf-2655e9c46ab7,Solve the Linear equation: _______,"<p>Solve the Linear equation:<span class=""AM""> <img src=""//mtex.gooru.org/cgi-bin/mimetex.cgi?%5Cdisplaystyle%7B4%7D%3D%5Cfrac%7B%7B%7B6%7D%2B%7Bp%7D%7D%7D%7B%7B2%7D%7D"" title=""4 = (6 + p)/2"" style=""vertical-align: middle;""> </span> <span class=""AM""> <img src=""//mtex.gooru.org/cgi-bin/mimetex.cgi?%5Cdisplaystyle%7Bp%7D%3D"" title=""p ="" style=""vertical-align: middle;""> </span> [2]</p>",f
0008d66a-753f-4639-8634-81bb3abb3269,1,231eb4ad-d0e8-4e94-a552-f8bd2358a47a,Solve the linear equation: _______,"<p><span style=""color: rgb(102, 102, 102); font-family: Roboto, 'Helvetica Neue', Helvetica, Arial, sans-serif; font-size: 13px; letter-spacing: 0.1px; line-height: 23.998px;"">Solve the linear equation:  <span style=""color: rgb(102, 102, 102); font-family: Roboto, 'Helvetica Neue', Helvetica, Arial, sans-serif; font-size: 13px; letter-spacing: 0.1px; line-height: 23.998px;""><img src=""//mtex.gooru.org/cgi-bin/mimetex.cgi?%5Cdisplaystyle-%7B4%7D%7Bx%7D%2B%7B12%7D%3D%7B10%7D"" title=""-4x + 12 = 10"" style=""vertical-align: middle;""></span> <span class=""AM""> <img src=""//mtex.gooru.org/cgi-bin/mimetex.cgi?%5Cdisplaystyle%7Bx%7D%3D"" title=""x ="" style=""vertical-align: middle;""> </span> [1/2] . Please write your answer as a fraction.<br></span> </p><br>",f
0008d66a-753f-4639-8634-81bb3abb3269,4,81c6995c-dd95-418e-a8c4-c22d8ccd32e9,Solve the linear equation: _______,"<p>Solve the linear equation:<span class=""AM""> <img src=""//mtex.gooru.org/cgi-bin/mimetex.cgi?%5Cdisplaystyle%7B0%7D%3D%5Cfrac%7B%7Bx%7D%7D%7B%7B3%7D%7D%2B%7B6%7D"" title=""0 = x/3 + 6"" style=""vertical-align: middle;""> </span> <span class=""AM""> <img src=""//mtex.gooru.org/cgi-bin/mimetex.cgi?%5Cdisplaystyle%7Bx%7D%3D"" title=""x ="" style=""vertical-align: middle;""> </span> [-18]</p>",f
0008d66a-753f-4639-8634-81bb3abb3269,5,15a464a4-a2d8-41dd-b00e-ff7fea0aa720,"If , then _______","<p>If<span class=""AM""> <img src=""//mtex.gooru.org/cgi-bin/mimetex.cgi?%5Cdisplaystyle-%7B20%7D%3D%7B6%7D%7Bv%7D%2B%7B4%7D"" title=""-20 = 6v + 4"" style=""vertical-align: middle;""> </span> , then<span class=""AM""> <img src=""//mtex.gooru.org/cgi-bin/mimetex.cgi?%5Cdisplaystyle%7Bx%7D%3D"" title=""x ="" style=""vertical-align: middle;""> </span> [-4]</p>",f
0008d66a-753f-4639-8634-81bb3abb3269,2,0b248202-12a9-405b-acd1-4ab8250e4198,"If , then _______","<p><span style=""color: rgb(102, 102, 102); font-family: Roboto, 'Helvetica Neue', Helvetica, Arial, sans-serif; font-size: 13px; letter-spacing: 0.1px; line-height: 23.998px;"">If <span class=""AM""> <img src=""//mtex.gooru.org/cgi-bin/mimetex.cgi?%5Cdisplaystyle%7B3%7D-%7B5%7D%7Bx%7D%3D%7B2%7D"" title=""3 - 5x = 2"" style=""vertical-align: middle;""> </span>, then <span class=""AM""> <img src=""//mtex.gooru.org/cgi-bin/mimetex.cgi?%5Cdisplaystyle%7Bx%7D%3D"" title=""x ="" style=""vertical-align: middle;""> </span>[1/5]. &nbsp;Please write your answer as a fraction.</span></p><br>",f
001bf2c6-8ede-478a-9b8b-d7750488cb1b,13,c6e0deec-21ae-43ec-9df3-6e7cb4b25b45,How much more cloth is needed,"4
<span class=""gru-math-expression"" contenteditable=""false""><span class=""gru-math-expression""><span class=""source"" hidden="""">\frac{1}{2}</span>$$\frac{1}{2}$$</span></span>yards of cloth are needed to make a woman’s dress. 2
<span class=""gru-math-expression"" contenteditable=""false""><span class=""gru-math-expression""><span class=""source"" hidden="""">\frac{2}{7}</span>$$\frac{2}{7}$$</span></span>
yards of cloth are needed to make a girl’s
dress. How much more cloth is needed to make a woman’s dress than a girl’s dress?",t
001bf2c6-8ede-478a-9b8b-d7750488cb1b,9,d6de75ea-f05a-49d8-94bc-0f1b1c554dc2,How much orange juice does she have left,"Meiling has 1<span class=""gru-math-expression""><span class=""gru-math-expression""><span class=""source"" hidden="""">\frac{1}{4}</span>$$\frac{1}{4}$$</span></span> liter of orange juice. She drinks <span class=""gru-math-expression"" contenteditable=""false""><span class=""gru-math-expression""><span class=""source"" hidden="""">\frac{1}{3}</span>$$\frac{1}{3}$$</span></span>
liter. How much orange juice does she have left?
(Extension: If her brother then drinks twice as much as Meiling , how much is left?)",t
001bf2c6-8ede-478a-9b8b-d7750488cb1b,12,53f88343-e1e2-4837-97f1-e64806760648,How much more of the candy bar,"

Sandy ate <span class=""gru-math-expression"" contenteditable=""false""><span class=""gru-math-expression""><span class=""source"" hidden="""">\frac{1}{6}</span>$$\frac{1}{6}$$</span></span>of a candy bar. John ate <span class=""gru-math-expression"" contenteditable=""false""><span class=""gru-math-expression""><span class=""source"" hidden="""">\frac{3}{4}</span>$$\frac{3}{4}$$</span></span>
of it. How much more of the candy bar did John eat than Sandy?<br>",t
001bf2c6-8ede-478a-9b8b-d7750488cb1b,10,b8f06235-3dae-42f8-a61f-aaf5e691ad50,Harlan used 3 1/2 kg of sand to make a large,"Harlan used 3
<span class=""gru-math-expression"" contenteditable=""false""><span class=""gru-math-expression""><span class=""source"" hidden="""">\frac{1}{2}</span>$$\frac{1}{2}$$</span></span>
kg of sand to make a large hourglass. To make a smaller hourglass, he only used 1
<span class=""gru-math-expression"" contenteditable=""false""><span class=""gru-math-expression""><span class=""source"" hidden="""">\frac{3}{7}</span>$$\frac{3}{7}$$</span></span>
kg
of sand. How much more sand did it take to make the large hourglass than the smaller one?",t
001bf2c6-8ede-478a-9b8b-d7750488cb1b,2,8b9c50e6-e568-48f7-afee-91f46c8fb523,Subtracting Fractions from Whole Numbers,,f
001bf2c6-8ede-478a-9b8b-d7750488cb1b,15,b5937498-c588-472b-ae5e-33f4be075964,How many gallons of water are left in the tank,"

Tank A has a capacity of 9.5 gallons. 6
<span class=""gru-math-expression"" contenteditable=""false""><span class=""gru-math-expression""><span class=""source"" hidden="""">\frac{1}{3}</span>$$\frac{1}{3}$$</span></span>gallons of the tank’s water are poured out. How many gallons of
water are left in the tank?

",t
001bf2c6-8ede-478a-9b8b-d7750488cb1b,8,101cea05-c940-4140-8059-6854ee884d68,Find the common unit,"George says that, to subtract fractions with different denominators, you always have to multiply the
denominators to find the common unit; for example:<br>
<span class=""gru-math-expression"" contenteditable=""false""><span class=""gru-math-expression""><span class=""source"" hidden="""">\frac{3}{8}</span>$$\frac{3}{8}$$</span></span>
−
<span class=""gru-math-expression"" contenteditable=""false""><span class=""gru-math-expression""><span class=""source"" hidden="""">\frac{1}{6}</span>$$\frac{1}{6}$$</span></span>
=
<span class=""gru-math-expression"" contenteditable=""false""><span class=""gru-math-expression""><span class=""source"" hidden="""">\frac{18}{48}</span>$$\frac{18}{48}$$</span></span>
−<span class=""gru-math-expression"" contenteditable=""false""><span class=""gru-math-expression""><span class=""source"" hidden="""">\frac{8}{48}</span>$$\frac{8}{48}$$</span></span><br> Show George how he could have chosen a denominator smaller than 48, and solve the problem. ",t
001bf2c6-8ede-478a-9b8b-d7750488cb1b,6,b5597241-7c75-489f-8bb1-cb8693cf5465,Student Debrief,,f
001bf2c6-8ede-478a-9b8b-d7750488cb1b,14,fc891ed4-a5aa-4e21-a406-b08f269e831c,What fraction of the book,"Bill reads <span class=""gru-math-expression"" contenteditable=""false""><span class=""gru-math-expression""><span class=""source"" hidden="""">\frac{1}{5}</span>$$\frac{1}{5}$$</span></span>
of a book on Monday. He reads <span class=""gru-math-expression"" contenteditable=""false""><span class=""gru-math-expression""><span class=""source"" hidden="""">\frac{2}{3}</span>$$\frac{2}{3}$$</span></span>
of the book on Tuesday. If he finishes reading the book on
Wednesday, what fraction of the book did he read on Wednesday?",t
001bf2c6-8ede-478a-9b8b-d7750488cb1b,5,8587312a-fd96-4256-928b-230462bbc65d,Concept Development,,f
001bf2c6-8ede-478a-9b8b-d7750488cb1b,4,0598accc-df55-4f03-9bb3-09bdd9a4acc6,Application Problem,,f
001bf2c6-8ede-478a-9b8b-d7750488cb1b,3,0882e4d2-a8c8-4ec4-b3f2-513dd9dd1930,Adding and Subtracting Fractions with Like Units,,f
001bf2c6-8ede-478a-9b8b-d7750488cb1b,1,1b922fae-619f-4f52-9551-663b3206e4e5,Lesson 11,,f
001bf2c6-8ede-478a-9b8b-d7750488cb1b,11,e16a02cd-75b8-4ef7-bc88-6160bb9f4f72,Generate equivalent fractions,"Generate equivalent fractions to get like units. Then, subtract. <br>a.
<span class=""gru-math-expression"" contenteditable=""false""><span class=""gru-math-expression""><span class=""source"" hidden="""">\frac{1}{2}</span>$$\frac{1}{2}$$</span></span>
−
<span class=""gru-math-expression"" contenteditable=""false""><span class=""gru-math-expression""><span class=""source"" hidden="""">\frac{1}{5}</span>$$\frac{1}{5}$$</span></span>
= <br><br>b. <span class=""gru-math-expression"" contenteditable=""false""><span class=""gru-math-expression""><span class=""source"" hidden="""">\frac{7}{8}</span>$$\frac{7}{8}$$</span></span>
−
<span class=""gru-math-expression"" contenteditable=""false""><span class=""gru-math-expression""><span class=""source"" hidden="""">\frac{1}{3}</span>$$\frac{1}{3}$$</span></span>
=<br><br>
c.
<span class=""gru-math-expression"" contenteditable=""false""><span class=""gru-math-expression""><span class=""source"" hidden="""">\frac{7}{10}</span>$$\frac{7}{10}$$</span></span>
−<span class=""gru-math-expression"" contenteditable=""false""><span class=""gru-math-expression""><span class=""source"" hidden="""">\frac{3}{5}</span>$$\frac{3}{5}$$</span></span>
=<br> <br>d. 1<span class=""gru-math-expression"" contenteditable=""false""><span class=""gru-math-expression""><span class=""source"" hidden="""">\frac{5}{6}</span>$$\frac{5}{6}$$</span></span>
−<span class=""gru-math-expression"" contenteditable=""false""><span class=""gru-math-expression""><span class=""source"" hidden="""">\frac{2}{3}</span>$$\frac{2}{3}$$</span></span>
=<br><br>
e. 2
<span class=""gru-math-expression"" contenteditable=""false""><span class=""gru-math-expression""><span class=""source"" hidden="""">\frac{1}{4}</span>$$\frac{1}{4}$$</span></span>
− 1<span class=""gru-math-expression"" contenteditable=""false""><span class=""gru-math-expression""><span class=""source"" hidden="""">\frac{1}{5}</span>$$\frac{1}{5}$$</span></span>=<br><br> f. 5<span class=""gru-math-expression"" contenteditable=""false""><span class=""gru-math-expression""><span class=""source"" hidden="""">\frac{6}{7}</span>$$\frac{6}{7}$$</span></span>
− 3
<span class=""gru-math-expression"" contenteditable=""false""><span class=""gru-math-expression""><span class=""source"" hidden="""">\frac{2}{3}</span>$$\frac{2}{3}$$</span></span>=
<br><br>g. 15 <span class=""gru-math-expression"" contenteditable=""false""><span class=""gru-math-expression""><span class=""source"" hidden="""">\frac{7}{8}</span>$$\frac{7}{8}$$</span></span>
− 5
<span class=""gru-math-expression"" contenteditable=""false""><span class=""gru-math-expression""><span class=""source"" hidden="""">\frac{3}{4}</span>$$\frac{3}{4}$$</span></span>=<br><br>h. 15 <span class=""gru-math-expression"" contenteditable=""false""><span class=""gru-math-expression""><span class=""source"" hidden="""">\frac{5}{8}</span>$$\frac{5}{8}$$</span></span>
− 3
<span class=""gru-math-expression"" contenteditable=""false""><span class=""gru-math-expression""><span class=""source"" hidden="""">\frac{1}{3}</span>$$\frac{1}{3}$$</span></span>
=<br><br>",t
001bf2c6-8ede-478a-9b8b-d7750488cb1b,7,97e5d379-a95e-44bb-a955-984905c9d7eb,Generate equivalent fractions to get like units,"Generate equivalent fractions to get like units. Then, subtract.<br>
a.
<span class=""gru-math-expression"" contenteditable=""false""><span class=""gru-math-expression""><span class=""source"" hidden="""">\frac{1}{2}</span>$$\frac{1}{2}$$</span></span>−
<span class=""gru-math-expression"" contenteditable=""false""><span class=""gru-math-expression""><span class=""source"" hidden="""">\frac{1}{3}</span>$$\frac{1}{3}$$</span></span>
= <br><br> b. <span class=""gru-math-expression"" contenteditable=""false""><span class=""gru-math-expression""><span class=""source"" hidden="""">\frac{7}{10}</span>$$\frac{7}{10}$$</span></span>−
<span class=""gru-math-expression"" contenteditable=""false""><span class=""gru-math-expression""><span class=""source"" hidden="""">\frac{1}{3}</span>$$\frac{1}{3}$$</span></span>
=
<br><span class=""gru-math-expression"" contenteditable=""false""><span class=""source"" hidden=""""></span><span class=""katex""><span class=""katex-mathml""><math><semantics><mrow></mrow><annotation encoding=""application/x-tex""></annotation></semantics></math></span><span class=""katex-html"" aria-hidden=""true""><span class=""strut"" style=""height:0em;""></span><span class=""strut bottom"" style=""height:0em;vertical-align:0em;""></span><span class=""base textstyle uncramped""></span></span></span></span><br>c.
<span class=""gru-math-expression"" contenteditable=""false""><span class=""gru-math-expression""><span class=""source"" hidden="""">\frac{7}{8}</span>$$\frac{7}{8}$$</span></span>−
<span class=""gru-math-expression"" contenteditable=""false""><span class=""gru-math-expression""><span class=""source"" hidden="""">\frac{3}{4}</span>$$\frac{3}{4}$$</span></span>=<br><br> d. 1
<span class=""gru-math-expression"" contenteditable=""false""><span class=""gru-math-expression""><span class=""source"" hidden="""">\frac{2}{5}</span>$$\frac{2}{5}$$</span></span>
−
<span class=""gru-math-expression"" contenteditable=""false""><span class=""gru-math-expression""><span class=""source"" hidden="""">\frac{3}{8}</span>$$\frac{3}{8}$$</span></span>
=<br><br>
e. 1
<span class=""gru-math-expression"" contenteditable=""false""><span class=""gru-math-expression""><span class=""source"" hidden="""">\frac{3}{10}</span>$$\frac{3}{10}$$</span></span>−
<span class=""gru-math-expression"" contenteditable=""false""><span class=""gru-math-expression""><span class=""source"" hidden="""">\frac{1}{6}</span>$$\frac{1}{6}$$</span></span>
=<br><br> f. 2<span class=""gru-math-expression"" contenteditable=""false""><span class=""gru-math-expression""><span class=""source"" hidden="""">\frac{1}{3}</span>$$\frac{1}{3}$$</span></span>− 1
<span class=""gru-math-expression"" contenteditable=""false""><span class=""gru-math-expression""><span class=""source"" hidden="""">\frac{1}{5}</span>$$\frac{1}{5}$$</span></span>
=
<br><br>g. 5<span class=""gru-math-expression"" contenteditable=""false""><span class=""gru-math-expression""><span class=""source"" hidden="""">\frac{6}{7}</span>$$\frac{6}{7}$$</span></span>− 2<span class=""gru-math-expression"" contenteditable=""false""><span class=""gru-math-expression""><span class=""source"" hidden="""">\frac{2}{3}</span>$$\frac{2}{3}$$</span></span>
=<br><br> h. Draw a number line to show that your answer
to (g) is reasonable.",t
001c0be2-043e-42df-b20b-aff44f785835,1,ebcaa7a8-c6ac-4b49-ad5c-183bb1b02d9d,Determine the volume occupied by 0.05318 mol of ca,"Determine the volume occupied by 0.05318 mol of carbon dioxide at STP (273 K, 1 atm).",f
001ed871-f958-4f85-a638-6219d47b3935,1,bdec4c39-e92c-4cce-95eb-13b389de9f5c,FCN instructions,FCN instructions,f
001ed871-f958-4f85-a638-6219d47b3935,8,15aad96a-9bb1-4039-ab5c-094a1027de29,Atoms flashcards | Quizlet,Vocabulary words for Atomic Structure. Includes studying games and tools such as flashcards.,f
001ed871-f958-4f85-a638-6219d47b3935,5,d796ed55-67db-41b6-ae29-1f55a51b8fb6, The Atom,"In this interactive activity from ChemThink, learn about atomic structure. Follow the tutorial to understand how individual atoms—the basis of all matter—are composed of subatomic particles such as electrons, protons, and neutrons. Investigate the three types of particles, their properties (such as mass and charge), and relative locations.",f
001ed871-f958-4f85-a638-6219d47b3935,6,0999fc71-0e68-4e24-b3fc-a367c7b66567,The Nucleus: Crash Course Chemistry #1,"Hank does his best to convince us that chemistry is not torture, but is instead the amazing and beautiful science of stuff. Chemistry can tell us how three tiny particles - the proton, neutron and electron - come together in trillions of combinations to form ... everything. In this inaugural episode",f
001ed871-f958-4f85-a638-6219d47b3935,2,9dad3a1d-6f8b-4ef6-bc2c-b207d8d2ce1f,Table of Contents - Google Docs,,f
001ed871-f958-4f85-a638-6219d47b3935,7,cf5bd2ad-b11b-4b15-953e-2d806de1c68f,"Atoms are made up of_______, neutrons, and the lightest of all_______ (found in the outside). The electrons weigh the _______ since they spin around in _______. The two that are in the _______ and have the same mass are the protons and ________.","<p>Atoms are made up of_______, neutrons, and the lightest of all_______ (found in the outside). The electrons weigh the _______ since they spin around in _______. The two that are in the _______ and have the same mass are the protons and ________.</p><p><br></p>",f
001ed871-f958-4f85-a638-6219d47b3935,3,23037eef-238b-496e-86e3-cc4afc2e272c,BrainPOP | Science | Learn about Atoms,"In this educational animated movie about Science learn about neutrons, protons, molecules, and nuclei.",f
001ed871-f958-4f85-a638-6219d47b3935,4,cb87b6c9-25c1-4ac9-b9bd-a86b880e65dd,Zarate Science Sub Atomic Particles Table,Zarate Science Sub Atomic Particles Table,f
00247455-2bac-4152-af3f-0b33860e7e15,2,09f0045a-5e06-4146-8985-9a78f3066032,Check for Understanding - Obj. 1,"Describe the rise of fascism and militarism in Japan, Italy, and Germany.",t
00247455-2bac-4152-af3f-0b33860e7e15,1,c3284b10-b6d4-46e2-848b-d7ce79aace59,Presentation: Rise of Facism,Overview of the rise and spread of Fascism.,f
00247455-2bac-4152-af3f-0b33860e7e15,3,f0b419ea-cc7e-4f71-a6ba-4aa70b6c8353,Testbook Reading: The Rise of Fascism,Reading on the rise of Fascism.,t
0025274f-8826-472b-9ea5-16b55bad990d,7,118e7779-5f5e-476f-bb8e-0d3228276c52,Practice: Box Plot,Practice: Box Plot,t
0025274f-8826-472b-9ea5-16b55bad990d,3,cc02648b-d8ba-4a34-8e36-b19f4c9d29d1,Constructing a Box-and-Whisker Plot,"Khan Academy presents Constructing a box-and-whisker plot, an educational video resource on math.",f
0025274f-8826-472b-9ea5-16b55bad990d,2,b63cc150-f395-4a2d-9d14-05fd6de98078,Reading Box-and-Whisker Plots ,Reading Box-and-Whisker Plots,f
0025274f-8826-472b-9ea5-16b55bad990d,1,44cef389-b0d6-4387-ac89-165110464e2a,Dictionary for Kids,"A Maths Dictionary for Kids presents Dictionary for Kids, an educational activity resource on math.",f
0025274f-8826-472b-9ea5-16b55bad990d,6,4b363f93-ee2e-490b-b6c3-8ddc61ef0949,Practice: Creating a Box Plot,Practice making box plots to summarize data sets.,f
0025274f-8826-472b-9ea5-16b55bad990d,4,015df83c-5eba-4c14-a42b-6792f51550df,Reading:  Box Plot,How to read a box plot,f
0025274f-8826-472b-9ea5-16b55bad990d,8,01bf5e58-5e85-490a-a049-7c75d48b8ecf,Check for Understanding: Box Plot,Check for Understanding: Box Plot,t
0025274f-8826-472b-9ea5-16b55bad990d,5,2b60eedb-30d8-4655-901f-ab1c80e26cdd,Video:  Box Plots,Creating and  reading box plots,f
003297c6-8ce6-45f7-84b2-15d25de8c2a3,2,450605cc-242a-4b0e-8176-81b28be7d2a1,How does this definition of Beelzebub give you further insight into the novel? Who/What do you believe is the embodiment of Beelzebub in the novel Lord of the Flies?,<p>How does this definition of Beelzebub give you further insight into the novel? Who/What do you believe is the embodiment of Beelzebub in the novel Lord of the Flies?</p>,f
003297c6-8ce6-45f7-84b2-15d25de8c2a3,4,9e37ab5a-fc77-4738-a921-8f06e46b7e76,"Choose one of the songs from Resource 6.2, analyze the song and write an explanation for how it reflects the Novel, Lord of the Flies. Be sure to use textual evidence from both the song and the novel to support your claims.","<p>Choose one of the songs from Resource 6.2, analyze the song and write an explanation for how it reflects the Novel, Lord of the Flies. Be sure to use textual evidence from both the song and the novel to support your claims.</p>",f
003297c6-8ce6-45f7-84b2-15d25de8c2a3,1,8d635e1b-1f10-4e9b-a8c7-54db8e50c37c,6.1 - Beelzebub,6.1 - Beelzebub,f
003297c6-8ce6-45f7-84b2-15d25de8c2a3,3,c04b44c5-3533-4a48-962d-668b16f6face,6.2 - Lord of The Flies songs,6.2 - Lord of The Flies songs,f
00413ae4-2088-4319-97b1-8216a4fee1e7,7,b8c6d2b6-3405-49f5-89fe-c76bf01d7133,First Law Problem,Solve for the Heat in this heat flow diagram.<br>Q<sub>﻿c</sub> = [150] J,f
00413ae4-2088-4319-97b1-8216a4fee1e7,6,ea5f0dc7-eafd-499c-b16c-8b1275d4b6af,First Law Problem,Solve for the Work in this heat flow diagram.<br>W = [20] J,f
00413ae4-2088-4319-97b1-8216a4fee1e7,4,b4e5fdbd-f08a-4dad-8ef3-a671dffe5f22,Reading: First Law and Types of Processes,An in-depth reading on the First Law that also covers types of thermodynamic processes and includes problems.,f
00413ae4-2088-4319-97b1-8216a4fee1e7,3,cf6df015-c58c-4236-aeb7-c6abf574eed0,Reading: First Law of Thermodynamics in Depth,An in-depth reading from NASA on the First Law of Thermodynamics.,f
00413ae4-2088-4319-97b1-8216a4fee1e7,8,3390c850-170a-45ae-9be6-39427a1115be,First Law Problem,"<span style=""color: rgb(0, 0, 0); font-size: 16px; background-color: transparent;"">A solar powered calculator takes in 150 J of energy from the sun and uses 30 J of energy during a math class. &nbsp;How much energy did the batteries gain during this time?<br></span>[120] J",f
00413ae4-2088-4319-97b1-8216a4fee1e7,5,8c2f9716-0045-4184-a19a-074348b72521,Check for Understanding: The First Law of Thermody,"After heat goes into an engine (like a car engine, for example), there is a change in the internal energy of the system, denoted ?U.",t
00413ae4-2088-4319-97b1-8216a4fee1e7,2,1da33e99-92df-406f-aabb-d6e20a4bdbb2,Reading: The First Law of Thermodynamics,An introductory reading on the first law of thermodynamics.,f
00413ae4-2088-4319-97b1-8216a4fee1e7,1,bb7907ce-dea5-4c15-bf28-f8ff0357fe80,Video: The First Law Of Thermodynamics,"This video discusses the First Law of Thermodynamics in physics, often referred to as the law of conservation of energy.",f
00443e22-0de6-47e6-937f-94782916b4f2,5,37e2078d-d384-423d-8d3d-95832b4987a6,True or False: Books are never bias or untrue.,"<span class=""tx"" style=""color: rgb(0, 0, 0); font-size: 16px; background-color: rgb(255, 255, 255);"">True or False: Books are never bias or untrue.</span><br><br><br><br><br>",f
00443e22-0de6-47e6-937f-94782916b4f2,9,cb88b7a6-d1e2-42f6-9703-8c52bb87d28a,"As you write the question, use brackets for your f",[encyclopedia] reference work with broad overview articles on various topics ,f
00443e22-0de6-47e6-937f-94782916b4f2,8,4c7bf001-0d10-4eab-b19b-a9b8cf2a3bfc,Which is generally most reliable in terms of conta,"<span class=""tx"" style=""color: rgb(0, 0, 0); font-size: 16px; background-color: rgb(255, 255, 255);""><br>Which is generally most reliable in terms of </span><span class=""tx"" style=""color: rgb(0, 0, 0); font-size: 16px; background-color: rgb(255, 255, 255);"">containing</span><span class=""tx"" style=""color: rgb(0, 0, 0); font-size: 16px; background-color: rgb(255, 255, 255);"">&nbsp;</span><span class=""tx"" style=""color: rgb(0, 0, 0); font-size: 16px; background-color: rgb(255, 255, 255);"">the </span><span class=""tx"" style=""color: rgb(0, 0, 0); font-size: 16px; background-color: rgb(255, 255, 255);"">least bias?</span><br><br><br>",f
00443e22-0de6-47e6-937f-94782916b4f2,10,81535215-07b6-4c9b-980e-b61034da3158,[internet] digital pages accessible via search eng,"[internet] <span class=""tx"" style=""color: rgb(0, 0, 0); font-size: 16px; background-color: rgb(255, 255, 255);"">digital pages accessible via search engines such as&nbsp;</span><span class=""tx"" style=""color: rgb(0, 0, 0); font-size: 16px; background-color: rgb(255, 255, 255);"">google and yahoo.</span><br><br><br>",f
00443e22-0de6-47e6-937f-94782916b4f2,7,412e4861-b61f-4e62-bd38-914e740c957a,Which of these requires the most caution when usin,"<span class=""tx"" style=""color: rgb(0, 0, 0); font-size: 16px; background-color: rgb(255, 255, 255);"">Which of these requires the most caution when using for research?</span><br><br><br>",f
00443e22-0de6-47e6-937f-94782916b4f2,1,b0261384-4100-40b3-be6c-5af045c523d4,If you need the most up-‐‐to-‐‐date research on a,"If you need the most up-‐‐to-‐‐date research on a topic, which source should you not use? <br><br><br><br><br><br>",f
00443e22-0de6-47e6-937f-94782916b4f2,2,082fee9a-70d9-4fca-9585-96535dc6e1e4,If you need lots detailed information about Eleano,"<span class=""tx"" style=""color: rgb(0, 0, 0); font-size: 16px; background-color: rgb(255, 255, 255);"">If you need </span><span class=""tx"" style=""color: rgb(0, 0, 0); font-size: 16px; background-color: rgb(255, 255, 255);"">lots </span><span class=""tx"" style=""color: rgb(0, 0, 0); font-size: 16px; background-color: rgb(255, 255, 255);"">detailed information </span><span class=""tx"" style=""color: rgb(0, 0, 0); font-size: 16px; background-color: rgb(255, 255, 255);"">about Eleanor Roosevelt, which title&nbsp;</span><span class=""tx"" style=""color: rgb(0, 0, 0); font-size: 16px; background-color: rgb(255, 255, 255);"">should you choose?</span><br><br><br>",f
00443e22-0de6-47e6-937f-94782916b4f2,3,a56abc37-66ff-42a2-9014-7f70a8f4c92f,"If you are just starting research, what is the bes","<span class=""tx"" style=""color: rgb(0, 0, 0); font-size: 16px; background-color: rgb(255, 255, 255);"">If you are just starting research, what is the best place to begin to understand&nbsp;</span><span class=""tx"" style=""color: rgb(0, 0, 0); font-size: 16px; background-color: rgb(255, 255, 255);"">a topic?</span><br><br><br>",f
00443e22-0de6-47e6-937f-94782916b4f2,6,e53e6e14-de30-417e-a96d-8f38fad912ed,Which of these is a potential PRO for using a maga,"<span class=""tx"" style=""color: rgb(0, 0, 0); font-size: 16px; background-color: rgb(255, 255, 255);"">Which of these is a potential PRO for using a magazine?</span><br><br><br>",f
00443e22-0de6-47e6-937f-94782916b4f2,4,4abbe1a2-e56e-49d5-bfa8-bd3cce3998d5,True or False: Books have the most up to date info,"<span class=""tx"" style=""color: rgb(0, 0, 0); font-size: 16px; background-color: rgb(255, 255, 255);"">True or False: Books have the most up to date information.</span><br><br><br>",f
0047dbfb-ea41-4176-8dd3-400295cfd556,4,64c47152-1177-11e3-8868-12313f070480,"Solve 2j+5=k, for j.","Solve 2j+5=k, for j.",f
0047dbfb-ea41-4176-8dd3-400295cfd556,2,1d8ed70e-10bf-11e3-8868-12313f070480,Solve Literal Equations (Formulas) For A Specified Variable,Four examples showing how to solve a formula for a specified variable.,f
0047dbfb-ea41-4176-8dd3-400295cfd556,3,1d8ed736-10bf-11e3-8868-12313f070480,Examples 2: Solving A Formula For A Variable,Two examples showing how to solve a formula for a specified variable.,f
0047dbfb-ea41-4176-8dd3-400295cfd556,1,1d8ed722-10bf-11e3-8868-12313f070480,How Do You Solve a Formula For a Variable?,"Virtual Nerd presents How Do You Solve a Formula For a Variable?, an educational video resource on math.",f
0047dbfb-ea41-4176-8dd3-400295cfd556,5,64c4715c-1177-11e3-8868-12313f070480,"Solve r-s=t, for r.","Solve r-s=t, for r.",f
004ef43c-0a7f-4753-a4cc-9d76f9effa2c,1,7b751c88-7d79-4697-8f16-0f7c486dab7c,Automation,Intro to Logic - Automation,f
004ef43c-0a7f-4753-a4cc-9d76f9effa2c,2,fc2a17ab-d9ee-4c62-be1e-adb4adde4658,1 - 4 - 1.4 Automation,Intro to Logic - Automation,f
0052ab10-2d26-4f83-ac80-bd5a6985d481,1,571cde6f-3646-4ad2-9254-6e4bb03f6896,Use a number line to add 2 numbers.,What is the sum of 27 and 36? [63],f
0052ab10-2d26-4f83-ac80-bd5a6985d481,2,c4c37320-4dec-41bf-98e3-6fc9f7d6e082,Use a number line to add 2 numbers.,Tony found 31 shells on the beach. Andy found 27 shells. How many shells did they find in all? [58],f
0054df5f-4c05-41b9-87a8-d3268af71910,1,a5881936-f922-4e8b-b36b-2bc343068414,"On Saturday night, 23,748 people attended the concert. On Sunday, 7,570 more people attended the concert than on Saturday. How many people attended the concert on Sunday? _______ people attended the concert on Sunday. (**Don't forget to put a comma in your answer!**)","<p>On Saturday night, 23,748 people attended the concert. On Sunday, 7,570 more people attended the concert than on Saturday. How many people attended the concert on Sunday? _______ people attended the concert on Sunday. (**Don't forget to put a comma in your answer!**)</p>",f
0054df5f-4c05-41b9-87a8-d3268af71910,2,de66cefe-6fee-4ec0-bded-ebd885ccf8d8,"There were 3,905 more hits on the school’s website in January than February. February had 9,854 hits. How many hits did the school’s website have during both months? a. About how many hits did the website have during January and February? Round each number to the nearest hundred to make your estimate. _______ (**Don't forget to put a comma in your answer!**) b. Exactly how many hits did the website have during January and February? _______","<p>There were 3,905 more hits on the school’s website in January than February. February had 9,854 hits. How many hits did the school’s website have during both months?<br>a. About how many hits did the website have during January and February? Round each number to the nearest hundred to make your estimate. _______ (**Don't forget to put a comma in your answer!**)<br>b. Exactly how many hits did the website have during January and February? _______ <br></p>",f
00619ebd-e3c5-4a0f-9ab1-60edb3d5028b,29,d2df2c3f-3500-4b26-9196-badca0a67448,Add Fractions with Like Units 2/9 + 3/9 + 2/9,"Add Fractions with Like Units <br><span class=""gru-math-expression"" contenteditable=""false""><span class=""gru-math-expression""><span class=""source"" hidden="""">\frac{2}{9}+\frac{3}{9}+\frac{2}{9}=</span>$$\frac{2}{9}+\frac{3}{9}+\frac{2}{9}=$$</span></span> [7/9]",f
00619ebd-e3c5-4a0f-9ab1-60edb3d5028b,36,61db85f5-a689-45b0-bb9c-4ed768ae056f,Add Fractions with Like Units 4/12 + 1/12,"Add Fractions with Like Units<br><span class=""gru-math-expression"" contenteditable=""false""><span class=""gru-math-expression""><span class=""source"" hidden="""">\frac{4}{12}+\frac{1}{12}=</span>$$\frac{4}{12}+\frac{1}{12}=$$</span></span> [5/12]",f
00619ebd-e3c5-4a0f-9ab1-60edb3d5028b,4,367a5d43-9d3c-46a0-bd6d-64696b628f8e,Add  Fractions with Like Units 2/5 + 2/5,"Add  Fractions with Like Units <br><span class=""gru-math-expression"" contenteditable=""false""><span class=""gru-math-expression""><span class=""source"" hidden="""">\frac{2}{5}+\frac{2}{5}=</span>$$\frac{2}{5}+\frac{2}{5}=$$</span></span> [4/5]",f
00619ebd-e3c5-4a0f-9ab1-60edb3d5028b,6,7107298c-2c4e-4d29-8012-baf063cae33e,Subtract Fractions with Like Units 3/5 - 1/5,"Subtract Fractions with Like Units <br><span class=""gru-math-expression"" contenteditable=""false""><span class=""gru-math-expression""><span class=""source"" hidden="""">\frac{3}{5}-\frac{1}{5}=</span>$$\frac{3}{5}-\frac{1}{5}=$$</span></span> [2/5]",f
00619ebd-e3c5-4a0f-9ab1-60edb3d5028b,13,87c49fc6-874a-4ef2-9991-dc3d6ba85860,Add Fractions with Like Units 1/12 + 1/12,"Add Fractions with Like Units <br><span class=""gru-math-expression"" contenteditable=""false""><span class=""gru-math-expression""><span class=""source"" hidden="""">\frac{1}{12}+\frac{1}{12}=</span>$$\frac{1}{12}+\frac{1}{12}=$$</span></span> [2/12]",f
00619ebd-e3c5-4a0f-9ab1-60edb3d5028b,41,3ba77ab3-20c7-4038-8e87-a0b21c3078cf,Subtract Fractions with Like Units 7/15 - 2/15,"Subtract Fractions with Like Units <br><span class=""gru-math-expression"" contenteditable=""false""><span class=""gru-math-expression""><span class=""source"" hidden="""">\frac{7}{15}-\frac{2}{15}=</span>$$\frac{7}{15}-\frac{2}{15}=$$</span></span> [5/15]",f
00619ebd-e3c5-4a0f-9ab1-60edb3d5028b,17,0a491365-2ad8-4fae-b769-8863c813a1f7,Add Fractions with Like Units 7/12 + 4/12,"Add Fractions with Like Units <br><span class=""gru-math-expression"" contenteditable=""false""><span class=""gru-math-expression""><span class=""source"" hidden="""">\frac{7}{12}+\frac{4}{12}=</span>$$\frac{7}{12}+\frac{4}{12}=$$</span></span> [11/12]",f
00619ebd-e3c5-4a0f-9ab1-60edb3d5028b,31,0dc4b9d6-d162-416a-a023-01bfff30de1a,Subtract Fractions with Like Units 3/5 - 1/5 - 1/5,"Subtract Fractions with Like Units <br><span class=""gru-math-expression"" contenteditable=""false""><span class=""gru-math-expression""><span class=""source"" hidden="""">\frac{3}{5}-\frac{1}{5}-\frac{1}{5}=</span>$$\frac{3}{5}-\frac{1}{5}-\frac{1}{5}=$$</span></span> [1/5]",f
00619ebd-e3c5-4a0f-9ab1-60edb3d5028b,43,287ab723-b25d-47b8-b3a8-0b5365d56919,Subtract Fractions with Like Units 11/15 - 2/15,"Subtract Fractions with Like Units <br><span class=""gru-math-expression"" contenteditable=""false""><span class=""gru-math-expression""><span class=""source"" hidden="""">\frac{11}{15}-\frac{2}{15}=</span>$$\frac{11}{15}-\frac{2}{15}=$$</span></span> [9/15]",f
00619ebd-e3c5-4a0f-9ab1-60edb3d5028b,20,dde3118d-475b-40e2-bf44-db6f9c05cbf8,Add Fractions with Like Units 1/6 + 1/6 + 1/6,"Add Fractions with Like Units <br><span class=""gru-math-expression"" contenteditable=""false""><span class=""gru-math-expression""><span class=""source"" hidden="""">\frac{1}{6}+\frac{1}{6}+\frac{1}{6}=</span>$$\frac{1}{6}+\frac{1}{6}+\frac{1}{6}=$$</span></span> [3/6]",f
00619ebd-e3c5-4a0f-9ab1-60edb3d5028b,15,0ee61bc2-4469-45a9-985a-777485df635e,Subtract Fractions with Like Units 3/12 - 2/12,"Subtract Fractions with Like Units <br><span class=""gru-math-expression"" contenteditable=""false""><span class=""gru-math-expression""><span class=""source"" hidden="""">\frac{3}{12}-\frac{2}{12}=</span>$$\frac{3}{12}-\frac{2}{12}=$$</span></span> [1/12]",f
00619ebd-e3c5-4a0f-9ab1-60edb3d5028b,12,219fbb81-7a11-4221-861c-e5e65826a28c,Add Fractions with Like Units 1/4 + 3/4,"Add Fractions with Like Units <br><span class=""gru-math-expression"" contenteditable=""false""><span class=""gru-math-expression""><span class=""source"" hidden="""">\frac{1}{4}+\frac{3}{4}=</span>$$\frac{1}{4}+\frac{3}{4}=$$</span></span> [4/4]",f
00619ebd-e3c5-4a0f-9ab1-60edb3d5028b,30,1234b251-31f4-48a3-b361-83c2628d728b,Add and Subtract Fractions 3/10 - 3/10 + 3/10,"Add and Subtract Fractions with Like Units <br><br><span class=""gru-math-expression"" contenteditable=""false""><span class=""gru-math-expression""><span class=""source"" hidden="""">\frac{3}{10}-\frac{3}{10}+\frac{3}{10}=</span>$$\frac{3}{10}-\frac{3}{10}+\frac{3}{10}=$$</span></span> [3/10]",f
00619ebd-e3c5-4a0f-9ab1-60edb3d5028b,5,1d18634b-a344-41c1-8eb7-a22738692789,Subtract Fractions with Like Units 5/10 - 4/10,"Subtract Fractions with Like Units <br><span class=""gru-math-expression"" contenteditable=""false""><span class=""gru-math-expression""><span class=""source"" hidden="""">\frac{5}{10}-\frac{4}{10}=</span>$$\frac{5}{10}-\frac{4}{10}=$$</span></span> [1/10]",f
00619ebd-e3c5-4a0f-9ab1-60edb3d5028b,39,d6b04a97-1080-4b0b-b1d6-681cb47ed318,Add Fractions with Like Units 1/6 + 2/6,"Add Fractions with Like Units <br><span class=""gru-math-expression"" contenteditable=""false""><span class=""gru-math-expression""><span class=""source"" hidden="""">\frac{1}{6}+\frac{2}{6}=</span>$$\frac{1}{6}+\frac{2}{6}=$$</span></span> [3/6]",f
00619ebd-e3c5-4a0f-9ab1-60edb3d5028b,37,b5c215ea-d4d0-44f9-880f-38c8282f2c57,Add Fractions with Like Units 1/5 + 3/5,"Add Fractions with Like Units <br><span class=""gru-math-expression"" contenteditable=""false""><span class=""gru-math-expression""><span class=""source"" hidden="""">\frac{1}{5}+\frac{3}{5}=</span>$$\frac{1}{5}+\frac{3}{5}=$$</span></span> [4/5]",f
00619ebd-e3c5-4a0f-9ab1-60edb3d5028b,23,3d617126-5eb5-44e8-a677-c8a5e392be52,Add Fractions with Like Units 1/9 + 1/9 + 1/9,"Add Fractions with Like Units <br><span class=""gru-math-expression"" contenteditable=""false""><span class=""gru-math-expression""><span class=""source"" hidden="""">\frac{1}{9}+\frac{1}{9}+\frac{1}{9}=</span>$$\frac{1}{9}+\frac{1}{9}+\frac{1}{9}=$$</span></span> [3/9]",f
00619ebd-e3c5-4a0f-9ab1-60edb3d5028b,16,a1a47c00-2af6-4631-af76-ef1ee4337d5f,Add Fractions with Like Units 5/12 + 6/12,"Add Fractions with Like Units <br><span class=""gru-math-expression"" contenteditable=""false""><span class=""gru-math-expression""><span class=""source"" hidden="""">\frac{5}{12}+\frac{6}{12}=</span>$$\frac{5}{12}+\frac{6}{12}=$$</span></span> [11/12]<br><br>",f
00619ebd-e3c5-4a0f-9ab1-60edb3d5028b,26,9ffa13df-3e0a-4dc7-acf4-b6fd29c41167,Add Fractions with Like Units 1/4 + 2/4 + 1/4,"Add Fractions with Like Units <br><span class=""gru-math-expression"" contenteditable=""false""><span class=""gru-math-expression""><span class=""source"" hidden="""">\frac{1}{4}+\frac{2}{4}+\frac{1}{4}=</span>$$\frac{1}{4}+\frac{2}{4}+\frac{1}{4}=$$</span></span> [4/4]",f
00619ebd-e3c5-4a0f-9ab1-60edb3d5028b,11,e6052c13-1ea2-4f93-a5f5-3c9b48e30852,Subtract Fractions with Like Units 3/12 - 2/12,"Subtract Fractions with Like Units<br><span class=""gru-math-expression"" contenteditable=""false""><span class=""gru-math-expression""><span class=""source"" hidden="""">\frac{3}{12}-\frac{2}{12}=</span>$$\frac{3}{12}-\frac{2}{12}=$$</span></span> [1/12]",f
00619ebd-e3c5-4a0f-9ab1-60edb3d5028b,44,43ef5b1a-1cc1-49af-a410-14f426275ec1,Add Fractions with Like Units 2/15 + 4/15,"Add Fractions with Like Units <br><span class=""gru-math-expression"" contenteditable=""false""><span class=""gru-math-expression""><span class=""source"" hidden="""">\frac{2}{15}+\frac{4}{15}=</span>$$\frac{2}{15}+\frac{4}{15}=$$</span></span> [6/15]",f
00619ebd-e3c5-4a0f-9ab1-60edb3d5028b,19,935545d0-d86d-457c-a227-28a83301f4ad,Add Fractions with Like Units 1/6 + 2/6,"Add Fractions with Like Units <br><span class=""gru-math-expression"" contenteditable=""false""><span class=""gru-math-expression""><span class=""source"" hidden="""">\frac{1}{6}+\frac{2}{6}=</span>$$\frac{1}{6}+\frac{2}{6}=$$</span></span> [3/6]",f
00619ebd-e3c5-4a0f-9ab1-60edb3d5028b,25,e74585eb-f1f9-4a34-97c1-7727e6f5fd98,Subtract Fractions with Like Units 4/9 - 1/9 - 3/9,"Subtract Fractions with Like Units <br><span class=""gru-math-expression"" contenteditable=""false""><span class=""gru-math-expression""><span class=""source"" hidden="""">\frac{4}{9}-\frac{1}{9}-\frac{3}{9}=</span>$$\frac{4}{9}-\frac{1}{9}-\frac{3}{9}=$$</span></span> [0/9]",f
00619ebd-e3c5-4a0f-9ab1-60edb3d5028b,38,b8610ec0-7886-4808-ac6a-483d56992fd8,Add Fractions with Like Units 2/5 + 2/5,"Add Fractions with Like Units <br><span class=""gru-math-expression"" contenteditable=""false""><span class=""gru-math-expression""><span class=""source"" hidden="""">\frac{2}{5}+\frac{2}{5}=</span>$$\frac{2}{5}+\frac{2}{5}=$$</span></span> [4/5]",f
00619ebd-e3c5-4a0f-9ab1-60edb3d5028b,42,bbb0dbd0-0868-4000-945d-93fa5c23768f,Subtract Fractions with Like Units 7/15 - 3/15,"Subtract Fractions with Like Units <br><span class=""gru-math-expression"" contenteditable=""false""><span class=""gru-math-expression""><span class=""source"" hidden="""">\frac{7}{15}-\frac{3}{15}=</span>$$\frac{7}{15}-\frac{3}{15}=$$</span></span> [4/15]",f
00619ebd-e3c5-4a0f-9ab1-60edb3d5028b,8,0eb27ac6-ba42-4782-b8dc-b82fd7f15a52,Subtract Fractions with Like Units 4/5 - 1/5,"Subtract Fractions with Like Units <br><span class=""gru-math-expression"" contenteditable=""false""><span class=""gru-math-expression""><span class=""source"" hidden="""">\frac{4}{5}-\frac{1}{5}=</span>$$\frac{4}{5}-\frac{1}{5}=$$</span></span> [3/5]",f
00619ebd-e3c5-4a0f-9ab1-60edb3d5028b,35,07e6c4e9-51ad-404c-8c44-cdb2ebd36d38,Add Fractions with Like Units 4/8 + 2/8,"Add Fractions with Like Units<br><span class=""gru-math-expression"" contenteditable=""false""><span class=""gru-math-expression""><span class=""source"" hidden="""">\frac{4}{8}+\frac{2}{8}=</span>$$\frac{4}{8}+\frac{2}{8}=$$</span></span> [6/8]",f
00619ebd-e3c5-4a0f-9ab1-60edb3d5028b,9,4aa289f4-ab2a-49e8-84ce-11a79ae53ed0,Add Fractions with Like Units 1/4 + 1/4,"Add Fractions with Like Units <br><span class=""gru-math-expression"" contenteditable=""false""><span class=""gru-math-expression""><span class=""source"" hidden="""">\frac{1}{4}+\frac{1}{4}=</span>$$\frac{1}{4}+\frac{1}{4}=$$</span></span> [2/4]",f
00619ebd-e3c5-4a0f-9ab1-60edb3d5028b,1,1ab5c431-1282-4ecc-8e14-35f964b7e0ef,Add  Fractions with Like Units 1/5 + 1/5,"Add  Fractions with Like Units <br><span class=""gru-math-expression"" contenteditable=""false""><span class=""gru-math-expression""><span class=""source"" hidden="""">\frac{1}{5}+\frac{1}{5}=\ </span>$$\frac{1}{5}+\frac{1}{5}=\ $$</span></span>[2/5]",f
00619ebd-e3c5-4a0f-9ab1-60edb3d5028b,10,8b1337dd-67c5-443e-9361-2dacc75a0594,Add Fractions with Like Units 1/4 + 2/4,"Add Fractions with Like Units <br><span class=""gru-math-expression"" contenteditable=""false""><span class=""gru-math-expression""><span class=""source"" hidden="""">\frac{1}{4}+\frac{2}{4}=</span>$$\frac{1}{4}+\frac{2}{4}=$$</span></span> [3/4]",f
00619ebd-e3c5-4a0f-9ab1-60edb3d5028b,32,b58d2385-1caa-4167-a510-df7b9c43ab91,Add Fractions with Like Units 1/6 + 2/6,"Add Fractions with Like Units <br><span class=""gru-math-expression"" contenteditable=""false""><span class=""gru-math-expression""><span class=""source"" hidden="""">\frac{1}{6}+\frac{2}{6}=</span>$$\frac{1}{6}+\frac{2}{6}=$$</span></span> [3/6]",f
00619ebd-e3c5-4a0f-9ab1-60edb3d5028b,3,8ff23e47-3151-44da-8da9-c0c715f512fa,Add  Fractions with Like Units 1/10 + 7/10,"Add  Fractions with Like Units <br><span class=""gru-math-expression"" contenteditable=""false""><span class=""gru-math-expression""><span class=""source"" hidden="""">\frac{1}{10}+\frac{7}{10}=</span>$$\frac{1}{10}+\frac{7}{10}=$$</span></span> [8/10]",f
00619ebd-e3c5-4a0f-9ab1-60edb3d5028b,28,c0488424-47bb-4c86-b5a4-118ec8df6c8b,Add Fractions with Like Units 5/12 + 1/12 + 5/12,"Add Fractions with Like Units <br><span class=""gru-math-expression"" contenteditable=""false""><span class=""gru-math-expression""><span class=""source"" hidden="""">\frac{5}{12}+\frac{1}{12}+\frac{5}{12}=</span>$$\frac{5}{12}+\frac{1}{12}+\frac{5}{12}=$$</span></span> [11/12]",f
00619ebd-e3c5-4a0f-9ab1-60edb3d5028b,27,5eea7515-2ed0-45a3-a6c6-65e4dbfdae0b,Add Fractions with Like Units 1/8 + 3/8 + 2/8,"Add Fractions with Like Units <br><span class=""gru-math-expression"" contenteditable=""false""><span class=""gru-math-expression""><span class=""source"" hidden="""">\frac{1}{8}+\frac{3}{8}+\frac{2}{8}=</span>$$\frac{1}{8}+\frac{3}{8}+\frac{2}{8}=$$</span></span> [6/8]",f
00619ebd-e3c5-4a0f-9ab1-60edb3d5028b,22,3b92b81b-e537-40a4-890c-903273b095f1,Add Fractions with Like Units 1/12 + 1/12 + 1/12,"Add Fractions with Like Units <br><span class=""gru-math-expression"" contenteditable=""false""><span class=""gru-math-expression""><span class=""source"" hidden="""">\frac{1}{12}+\frac{1}{12}+\frac{1}{12}=</span>$$\frac{1}{12}+\frac{1}{12}+\frac{1}{12}=$$</span></span> [3/12]",f
00619ebd-e3c5-4a0f-9ab1-60edb3d5028b,18,5b96e575-d29f-4ff2-9693-28fea54459c7,Subtract Fractions with Like Units 4/6 - 1/6,"Subtract Fractions with Like Units <br><span class=""gru-math-expression"" contenteditable=""false""><span class=""gru-math-expression""><span class=""source"" hidden="""">\frac{4}{6}-\frac{1}{6}=</span>$$\frac{4}{6}-\frac{1}{6}=$$</span></span> [3/6]",f
00619ebd-e3c5-4a0f-9ab1-60edb3d5028b,21,dfc1c56f-5af4-4854-92e0-d3505448bff2,Add Fractions with Like Units 1/3 + 1/3 + 1/3,"Add Fractions with Like Units <br><span class=""gru-math-expression"" contenteditable=""false""><span class=""gru-math-expression""><span class=""source"" hidden="""">\frac{1}{3}+\frac{1}{3}+\frac{1}{3}=</span>$$\frac{1}{3}+\frac{1}{3}+\frac{1}{3}=$$</span></span> [3/3]",f
00619ebd-e3c5-4a0f-9ab1-60edb3d5028b,14,dc4a4f47-aa10-4fff-8217-651f4ff320db,Add Fractions with Like Units 1/3 + 1/3,"Add Fractions with Like Units <br><span class=""gru-math-expression"" contenteditable=""false""><span class=""gru-math-expression""><span class=""source"" hidden="""">\frac{1}{3}+\frac{1}{3}=</span>$$\frac{1}{3}+\frac{1}{3}=$$</span></span> [2/3]",f
00619ebd-e3c5-4a0f-9ab1-60edb3d5028b,24,10412654-40bc-4bfa-bc65-ba754ce2119d,Add Fractions with Like Units 1/9 + 3/9 + 1/9,"Add Fractions with Like Units <br><span class=""gru-math-expression"" contenteditable=""false""><span class=""gru-math-expression""><span class=""source"" hidden="""">\frac{1}{9}+\frac{3}{9}+\frac{1}{9}=</span>$$\frac{1}{9}+\frac{3}{9}+\frac{1}{9}=$$</span></span> [5/9]",f
00619ebd-e3c5-4a0f-9ab1-60edb3d5028b,7,7268504b-7768-4e86-9d63-32640e345e06,Add Fractions with Like Units 3/10 + 3/10,"Add Fractions with Like Units <br><span class=""gru-math-expression"" contenteditable=""false""><span class=""gru-math-expression""><span class=""source"" hidden="""">\frac{3}{10}+\frac{3}{10}=</span>$$\frac{3}{10}+\frac{3}{10}=$$</span></span> [6/10]",f
00619ebd-e3c5-4a0f-9ab1-60edb3d5028b,2,01c6423e-42bf-4352-ac2d-fab5d320684a,Add  Fractions with Like Units 1/10 + 5/10,"Add  Fractions with Like Units <br><span class=""gru-math-expression"" contenteditable=""false""><span class=""gru-math-expression""><span class=""source"" hidden="""">\frac{1}{10}+\frac{5}{10}=</span>$$\frac{1}{10}+\frac{5}{10}=$$</span></span> [6/10]",f
00619ebd-e3c5-4a0f-9ab1-60edb3d5028b,40,d3e0ccab-fbb3-4a54-854b-1fe188889778,Subtract Fractions with Like Units 5/12 - 3/12,"Subtract Fractions with Like Units<br><span class=""gru-math-expression"" contenteditable=""false""><span class=""gru-math-expression""><span class=""source"" hidden="""">\frac{5}{12}-\frac{3}{12}=</span>$$\frac{5}{12}-\frac{3}{12}=$$</span></span> [2/12]",f
00619ebd-e3c5-4a0f-9ab1-60edb3d5028b,33,5b642697-1e01-4d79-acfb-e7186bc21057,Add Fractions with Like Units 3/12 + 4/12,"Add Fractions with Like Units <br><span class=""gru-math-expression"" contenteditable=""false""><span class=""gru-math-expression""><span class=""source"" hidden="""">\frac{3}{12}+\frac{4}{12}=</span>$$\frac{3}{12}+\frac{4}{12}=$$</span></span> [7/12]",f
00619ebd-e3c5-4a0f-9ab1-60edb3d5028b,34,3026d88f-efb6-4fcf-8e1c-af38a1f1ac2a,Add Fractions with Like Units 3/12 + 6/12,"Add Fractions with Like Units <br><span class=""gru-math-expression"" contenteditable=""false""><span class=""gru-math-expression""><span class=""source"" hidden="""">\frac{3}{12}+\frac{6}{12}=</span>$$\frac{3}{12}+\frac{6}{12}=$$</span></span> [9/12]",f
007747f1-e479-4188-81ff-3c1d9a29bd57,2,a18c4713-1bde-4017-9aab-a4ac439cb804,Notes Organizer - Meso-American Civilizat,"Playlist Name: Meso-American Civilizations (Aztec)-Objective 1: Life and Society, Objective 2: Rise and Fall of the Aztec, Objective 3: Achievements in Astronomy and Math.",f
